000000000000000000000000000000,000000000000000000000000000001,models/mapobjects/KOsAD/conteneur/object023_3_p
000000000000000000000000000000,000000000000000000000000000001,noshader
000000000000000000000000000000,000000000000000000000000000001,models/mapobjects/KOsAD/voute/e7brickfloor01
000000000000000000000000000000,000000000000000000000000000001,models/mapobjects/KOsAD/conteneur/object023_3
000000000000000000000000000000,000000000000000000000000000001,models/mapobjects/KOsAD/conteneur/Metal
000000000000000000000000000000,000000000000000000000000000001,models/mapobjects/KOsAD/conteneur/rust06e
000000000000000000000000000000,000000000000000000000000000001,models/mapobjects/KOsAD/conteneur/PneuR
000000000000000000000000000000,000000000000000000000000000001,models/mapobjects/KOsAD/conteneur/vert
000000000000000000110010100000,000000000000000000000000000001,textures/common/caulk
000000000000000000000000000000,000000000000000000000000000001,textures/metro/GROUND_008
000000000000000000000000000000,000000000000000000000000000001,textures/metro/ROCK_005
000000000000000000000000000000,000000000000000000000000000001,textures/metro/wal11st1
000000000000000000000000000000,000000000000000000000000000001,textures/metro/big-blue-cement
000000000000000000000000000000,000000000000000000000000000001,textures/metro/003metal
000000000000000000000000000000,000000000000000000000000000001,textures/metro/metal-tan-rivets
000000000000000000000000000000,000000000000000000000000000001,textures/metro/drock074
000000000000000000000000000000,000000000000000000000000000001,textures/metro/DOOR_UTIL2
000000000000000000000000100000,000000000000000000000000000001,textures/metro/e6v_light_sm
000000000000000000000000000000,000000000000000000000000000001,textures/metro/e6smallgrtflr2bl
000000000000000000000000000000,000000000000000000000000000001,textures/metro/RFSP-STEX5b
000000000000000000000000000000,000000000000000000000000000001,textures/metro/cement_1_gunky
000000000000000000000000000000,000000000000000000000000000001,textures/metro/KOsAD_Brique1c
000000000000000000000000000000,000000000000000000000000000001,textures/metro/rock10c
000000000000000000000000000000,000000000000000000000000000001,textures/metro/KOsAD_Ossements3
000000000000000000000000000000,000000000000000000000000000001,textures/metro/ROCK_008
000000000000000000000000000000,000000000000000000000000000001,textures/metro/ROCK_003
000000000000000000000000000000,000000000000000000000000000001,textures/metro/e8beam01
000000000000000000000000000000,000000000000000000000000000001,textures/metro/e8_btrim01
000000000000000000000000100000,000000000000000000000000000001,textures/metro/e7slight
000000000000000000000000000000,000000000000000000000000000001,textures/metro/rust_2
000000000000000000110000100000,000000000000000000000000000001,textures/metro/KOsAD_Noir
000000000000000000000000000000,000000000000000000000000000001,textures/metro/Wood01
000000000000000000000000000000,000000000000000000000000000001,textures/metro/Alumb_t
000000000000000000000000000000,000000000000000000000000000001,textures/metro/grey073
000000000000000000110000100000,000000000000000000000000000001,textures/metro/KOsAD_Blanc_0
000000000000000000000000000000,000000000000000000000000000001,textures/metro/door048b
000000000000000000000000000000,000000000000000000000000000001,textures/metro/door048
000000000000000000000000000000,000000000000000000000000000001,textures/metro/navily-ns_bleu
000000000000000000000000000000,000000000000000000000000000001,textures/metro/marble50b
000000000000000000000000000000,000000000000000000000000000001,textures/metro/door070d
000000000000000000000000000000,000000000000000000000000000001,textures/metro/door070c
000000000000000000000000000000,000000000000000000000000000001,textures/metro/door070b
000000000000000000000000000000,000000000000000000000000000001,textures/metro/GROUND_008_unp
000000000000000000000000000000,000000000000000000000000000001,textures/metro/e8cretefloor01c
000000000000000000000000000000,000000000000000000000000000001,textures/metro/sttp13-Selecta
000000000000000000110000100000,000000000000000000000000000001,textures/metro/sign_rouge
000000000000000000110000100000,000000000000000000000000000001,textures/metro/sign_vert
000000000000000000110000100000,000000000000000000000000000001,textures/metro/sign_25
000000000000000000000000000000,000000000000000000000000000001,textures/metro/sign_A
000000000000000000000000000000,000000000000000000000000000001,textures/metro/sign_Z
000000000000000000000000000000,000000000000000000000000000001,textures/metro/pancarte
000000000000000000000000100000,100000000000000000000000000001,textures/metro/e6bsegrtflr128
000000000000000000000000000000,000000000000000000000000000001,textures/metro/e7bmtrim
000000000000010000000000100000,100000000000000000000000000001,textures/metro/KOsAD_Barre
000000000000000000000000000000,000000000000000000000000000001,textures/metro/e6metalfan_s2_t
000000000000000000000000000000,000000000000000000000000000001,textures/metro/e7stepborder
000000000000000000000000000000,000000000000000000000000000001,textures/metro/metal033
000000000000000000000000000000,000000000000000000000000000001,textures/metro/e6drstmetal
000000000000000001000000100000,100000000000000000000000000001,textures/metro/e6grtflr2bl
000000000000000000000000100000,000000000000000000000000000001,textures/metro/e7slight_vents
000000000000000000000000000000,000000000000000000000000000001,textures/metro/e6metalfan_s2
000000000000000000000000000000,000000000000000000000000000001,textures/metro/e8mtltrim1
000000000000000000000000000000,000000000000000000000000000001,textures/metro/e8bolttrimb
000000000000000000000000000000,000000000000000000000000000001,textures/metro/rockwall1
000000000000000000000000000000,000000000000000000000000000001,textures/metro/e7stepborder2
000000000000000000000000000000,000000000000000000000000000001,textures/metro/KOsAD_Pipes3
000000000000000000000000000000,000000000000000000000000000001,textures/metro/KOsAD_Brique2
000000000000000000000000000000,000000000000000000000000000001,textures/metro/metal018
000000000000000000000000100000,000000000000000000000000000001,textures/metro/e6v_light_sm_10
000000000000000000000000000000,000000000000000000000000000001,textures/metro/misc018
000000000000000100000010000000,100000000000000000000000000000,textures/metro/skip
000000000000000000000000000000,000000000000000000000000000001,textures/metro/e7bricks01
000000000000000000000000000000,000000000000000000000000000001,textures/metro/e7brickfloor01
000000000000000000000000000000,000000000000000000000000000001,textures/metro/e7sbrickfloorbig
000000000000000000000000000000,000000000000000000000000000001,textures/metro/e7sbrickfloor
000000000000000000000000000000,000000000000000000000000000001,textures/metro/rock29t
000000000000000000000000000000,000000000000000000000000000001,textures/metro/Tempgryl
000000000000000000000000000000,000000000000000000000000000001,textures/metro/ornam11b2
000000000000000000000000000000,000000000000000000000000000001,textures/metro/imageafter-b19wall031
000000000000000000000000000000,000000000000000000000000000001,textures/metro/Coffre_cote
000000000000000000000000000000,000000000000000000000000000001,textures/metro/Coffre_face
000000000000000000000000000000,000000000000000000000000000001,textures/metro/ornam11b
000000000000100000110000010100,000000000000000000000000000001,textures/metro/skybox
000000000000000000000000000000,000000000000000000000000000001,textures/metro/KOsAD_Brique1b
000000000000000000000000000000,000000000000000000000000000001,textures/metro/plaster20
000000000000000000000000000000,000000000000000000000000000001,textures/metro/KOsAD_Blanc
000000000000000000000000000000,000000000000000000000000000001,textures/metro/panel20b
000000000000000000000000000000,000000000000000000000000000001,textures/metro/e8beam01b
000000000000000000000000100000,000000000000000000000000000001,textures/metro/e6horzlight
000000000000000000000000000000,000000000000000000000000000001,textures/metro/KOsAD_Grey1
000000000000000000110000100000,000000000000000000000000000001,textures/metro/KOsAD_SortiePicto
000000000000010000000000000000,100000000000000000000000000001,textures/metro/door007
000000000000000000000000000000,000000000000000000000000000001,textures/metro/door068
000000000000000001000000100000,100000000000000000000000000001,textures/metro/eX_floor_grate03_d
000000000000000000000000000000,000000000000000000000000000001,textures/metro/panel40d
000000000000000000000000000000,000000000000000000000000000001,textures/metro/panel30d
000000000000000000000000000000,000000000000000000000000000001,textures/metro/tfloor4plain
000000000000000000000000000000,000000000000000000000000000001,textures/metro/sttp13-Extincteur3
000000000000000000000000000000,000000000000000000000000000001,textures/metro/navily-passge_interdit
000000000000000000000000000000,000000000000000000000000000001,textures/metro/lgrey040
000000000000000000000000000000,000000000000000000000000000001,textures/metro/Vents_011M
000000000000000000000000000000,000000000000000000000000000001,textures/metro/KOsAD_sortieL
000000000000000000000000000000,000000000000000000000000000001,textures/metro/SIEL_RATP_MET_1_dir
000000000000000000000000000000,000000000000000000000000000001,textures/metro/SIEL_RATP_MET_1ld
000000000000000000000000000000,000000000000000000000000000001,textures/metro/pub/6083541
000000000000000000000000000000,000000000000000000000000000001,textures/metro/pub/6155183
000000000000000000000000000000,000000000000000000000000000001,textures/metro/pub/gaymobil1
000000000000000000000000000000,000000000000000000000000000001,textures/metro/pub/DOP
000000000000000000000000000000,000000000000000000000000000001,textures/metro/pub/nescafe
000000000000000000000000000000,000000000000000000000000000001,textures/metro/pub/m-royal_canin
000000000000000000000000000000,000000000000000000000000000001,textures/metro/pub/imacII
000000000000000000000000000000,000000000000000000000000000001,textures/metro/pub/rato-plage
000000000000000000000000000000,000000000000000000000000000001,textures/metro/pub/publicite-030
000000000000000000000000000000,000000000000000000000000000001,textures/metro/pub/murdersinbagdad
000000000000000000000000000000,000000000000000000000000000001,textures/metro/pub/pas_les_royal
000000000000000000000000000000,000000000000000000000000000001,textures/metro/pub/menteur_menteur
000000000000000000000000000000,000000000000000000000000000001,textures/metro/pub/m-sorciere_bien_aimee
000000000000000000000000000000,000000000000000000000000000001,textures/metro/pub/marxix_revolution
000000000000000000000000000000,000000000000000000000000000001,textures/metro/pub/lionel_le_people
000000000000000000000000000000,000000000000000000000000000001,textures/metro/pub/Le_Pignon_est_Fran_ois
000000000000000000000000000000,000000000000000000000000000001,textures/metro/pub/leboulet
000000000000000000000000000000,000000000000000000000000000001,textures/metro/pub/la_doublure_bis
000000000000000000000000000000,000000000000000000000000000001,textures/metro/pub/inspecteurlabavure
000000000000000000000000000000,000000000000000000000000000001,textures/metro/pub/johnnie_walked
000000000000000000000000000000,000000000000000000000000000001,textures/metro/pub/bush_le_tout_puissant
000000000000000000000000000000,000000000000000000000000000001,textures/metro/pub/8366227
000000000000000000000000000000,000000000000000000000000000001,textures/metro/pub/9737445
000000000000000000000000000000,000000000000000000000000000001,textures/metro/pub/7950657
000000000000000000000000000000,000000000000000000000000000001,textures/metro/pub/5942902
000000000000000000000000000000,000000000000000000000000000001,textures/metro/pub/6295332
000000000000000000000000000000,000000000000000000000000000001,textures/metro/pub/5530784
000000000000000000000000000000,000000000000000000000000000001,textures/metro/pub/alwcoke
000000000000000000000000000000,000000000000000000000000000001,textures/metro/pub/militaire
000000000000000000000000000000,000000000000000000000000000001,textures/metro/pub/loreal
000000000000000000000000000000,000000000000000000000000000001,textures/metro/pub/Macdo_cr
000000000000000000000000000000,000000000000000000000000000001,textures/metro/pub/sarkophages
000000000000000000000000000000,000000000000000000000000000001,textures/metro/pub/sarkocop2
000000000000000000000000000000,000000000000000000000000000001,textures/metro/pub/truelies
000000000000000000000000000000,000000000000000000000000000001,textures/metro/sttp13-plan2
000000000000000000000000000000,000000000000000000000000000001,textures/metro/sttp13-plan1
000000000000000000000000000000,000000000000000000000000000001,textures/metro/sttp13-Regul
000000000000000000000000000000,000000000000000000000000000001,textures/metro/SIEL_RATP_MET_2_dir
000000000000000000000000000000,000000000000000000000000000001,textures/metro/SIEL_RATP_MET_2
000000000000000000000000000000,000000000000000000000000000001,textures/metro/KOsAD_Mirroir
000000000000000000000000000000,000000000000000000000000000001,textures/metro/panel40a
000000000000000000000000000000,000000000000000000000000000001,textures/metro/panel30a
000000000000000000000000000000,000000000000000000000000000001,textures/metro/RFSP-acleantrack1
000000000000000000000000000000,000000000000000000000000000001,textures/metro/sttp13-poubelle-cote
000000000000000000000000000000,000000000000000000000000000001,textures/metro/sttp13-poubelle-face
000000000000000000000000000000,000000000000000000000000000001,textures/metro/M77-top
000000000000000000000000000000,000000000000000000000000000001,textures/metro/M77-cote
000000000000000000000000000000,000000000000000000000000000001,textures/metro/M77-blanc
000000000000000000000000000000,000000000000000000000000000001,textures/metro/M77-ft
000000000000000000000000000000,000000000000000000000000000001,textures/metro/M77-cote3
000000000000000000000000000000,000000000000000000000000000001,textures/metro/M77-cote-vide
000000000000000000000000000000,000000000000000000000000000001,textures/metro/M77-Roue-cote
000000000000000000000000000000,000000000000000000000000000001,textures/metro/M77-Roue
000000000000000000000000000000,000000000000000000000000000001,textures/metro/M77-Roue-face
000000000000000000000000100000,000000000000000000000000000001,textures/metro/KOsAD_NeonOrange
000000000000000000000000100000,000000000000000000000000000001,textures/metro/KOsAD_NeonWhite
000000000000000000000000000000,000000000000000000000000000001,textures/metro/door009b
000000000000000000000000000000,000000000000000000000000000001,textures/metro/door009
000000000000000000000000000000,000000000000000000000000000001,textures/metro/KOsAD_MetalLampe
000000000000000000000000000000,000000000000000000000000000001,textures/metro/KOsAD_MarcheTop2
000000000000000000000000000000,000000000000000000000000000001,textures/metro/KOsAD_MarcheFace
000000000000000000110000100000,000000000000000000000000000001,textures/metro/KOsAD_Blanc_EscalatorT
000000000000000000110000100000,000000000000000000000000000001,textures/metro/KOsAD_Blanc_Entree
000000000000000000000000000000,000000000000000000000000000001,textures/metro/KOsAD_turquoise
000000000000000000000000000000,000000000000000000000000000001,textures/metro/door044
000000000000000000000000000000,000000000000000000000000000001,textures/metro/road02_01c
000000000000000000000000000000,000000000000000000000000000001,textures/metro/road02_01t
000000000000000000000000000000,000000000000000000000000000001,textures/metro/sttp13-plan3
000000000000000000000000000000,000000000000000000000000000001,textures/metro/sttp13-plan5
000000000000000000000000000000,000000000000000000000000000001,textures/metro/sttp13-Signal
000000000000000000000000000000,000000000000000000000000000001,textures/metro/sttp13-Fumer
000000000000000000000000000000,000000000000000000000000000001,textures/metro/sttp13-plan7
000000000000000000000000000000,000000000000000000000000000001,textures/metro/Alumb_t_h
000000000000000000000000000000,000000000000000000000000000001,textures/metro/eXmetalrib01_h
000000000000000000000000000000,000000000000000000000000000001,textures/metro/door052b
000000000000000000000000000000,000000000000000000000000000001,textures/metro/door052
000000000000000000000000000000,000000000000000000000000000001,textures/metro/sttp13-plan6
000000000000000000000000000000,000000000000000000000000000001,textures/metro/DOOR_UTIL1
000000000000000000000000000000,000000000000000000000000000001,textures/metro/b11grounds009Edit2
000000000000000000110000100000,000000000000000000000000000001,textures/metro/KOsAD_Ocre_5
000000000000000000000000000000,000000000000000000000000000001,textures/metro/Wood02
000000000000000000000000000000,000000000000000000000000000001,textures/metro/e8bgrate01
000000000000000000000000000000,000000000000000000000000000001,textures/metro/panel01a
000000000000001000000000100000,100000000000000000000000000001,textures/metro/glassblock1
000000000000000000000000000000,000000000000000000000000000001,textures/metro/road02_01
000000000000000000000000000000,000000000000000000000000000001,textures/metro/road02_03
000000000000000000000000000000,000000000000000000000000000001,textures/metro/Alumb_t_s
000000000000000000000000000000,000000000000000000000000000001,textures/metro/stannum_escalatorside
000000000000000000110010100000,100000000000000000000000000001,textures/common/weapclip
000000000000000000000000000000,000000000000000000000000000001,textures/metro/KOsAD_Noir2
000000000000000000000000100000,100000000000000000000000000001,textures/metro/KOsAD_Window
000000000000000000000000000000,000000000000000000000000000001,textures/metro/metal019
000000000000000000000000000000,000000000000000000000000000001,textures/metro/KOsAD_Vert1
000000000000000000000000100000,000000000000000000000000000001,textures/metro/e7mlight
000000000000000000000000000000,000000000000000000000000000001,textures/metro/navily-tv
000000000000000000000000000000,000000000000000000000000000001,textures/metro/pub/darkcityposter
000000000000000000000000000000,000000000000000000000000000001,textures/metro/sttp13-Selecta4
000000000000000000000000000000,000000000000000000000000000001,textures/metro/sttp13-Selecta1
000000000000000000000000000000,000000000000000000000000000001,textures/metro/sttp13-Danger3
000000000000000000000000000000,000000000000000000000000000001,textures/metro/sttp13-Danger3Blanc
000000000000000000000000000000,000000000000000000000000000001,textures/metro/sttp13-plan4
000000000000000000000000000000,000000000000000000000000000001,textures/metro/SIEL_RATP_MET_1la
000000000000000000000000000000,000000000000000000000000000001,textures/metro/sttp13-Danger2
000000000000000000000000000000,000000000000000000000000000001,textures/metro/RFSP-Alarme2L
000000000000000000000000000000,000000000000000000000000000001,textures/metro/RFSP-Alarme1L
000000000000000000000000000000,000000000000000000000000000001,textures/metro/alarme
000000000000000000000000000000,000000000000000000000000000001,textures/metro/sttp13-Extincteur2
000000000000000000000000000000,000000000000000000000000000001,textures/metro/sttp13-Extincteur1
000000000000000000000000000000,000000000000000000000000000001,textures/metro/KOsAD_passage_interdit
000000000000000000000000000000,000000000000000000000000000001,textures/metro/RFSP-STEX5
000000000000000000000000000000,000000000000000000000000000001,textures/metro/KOsAD_mere-lefauteuil
000000000000000000000000000000,000000000000000000000000000001,textures/metro/sttp13-Selecta3
000000000000000000000000000000,000000000000000000000000000001,textures/metro/sttp13-Selecta2
000000000000000000000000000000,000000000000000000000000000001,textures/metro/DOOR_UTIL1D
000000000000000000000000000000,000000000000000000000000000001,textures/metro/KOsAD_Grey2
000000000000000000000000000000,000000000000000000000000000001,textures/metro/door076
000000000000000000000000000000,000000000000000000000000000001,textures/metro/KOsAD_Panel
000000000000000000000000000000,000000000000000000000000000001,textures/metro/sttp13-Danger1
000000000000000000000000000000,000000000000000000000000000001,textures/metro/object004
000000000000000100110000000000,100000000000000000000001000000,textures/metro/KOsAD_Fog
000000000000000100110010110000,100000000000010000000000000000,textures/common/clip
000000000000000000000000000000,000000000000000000000000000001,textures/metro/RFSP-Paris03b
000000000000000100000110010000,110000000000000000000000000000,textures/common/hint
000000000000000100000010001000,000000000000010000000000000000,textures/metro/ladder
000000000000000100110010100000,100000000000000100000000000000,textures/common-trem/nobuild
000000000000000000000000000000,000000000000000000000000000001,textures/metro/RFSP-Paris02a
000000000000000000000000000000,001000000000000000000000000001,textures/metro/SmallLeafTree01_256
000000000000000000000000000000,000000000000000000000000000001,textures/metro/hedge_small
000000000000000000000000000000,001000000000000000000000000001,textures/metro/40c_e
000000000000000000000000000000,000000000000000000000000000001,textures/metro/KOsAD_EiffelTop
000000000000000000000000000000,000000000000000000000000000001,textures/metro/cars/clio
000000000000000000000000000000,000000000000000000000000000001,textures/metro/cars/jumper
000000000000000000000000000000,000000000000000000000000000001,textures/metro/cars/espace
000000000000000000000000000000,000000000000000000000000000001,textures/metro/cars/austin
000000000000000000000000000000,000000000000000000000000000001,textures/metro/cars/2cv
000000000000000000000000000000,000000000000000000000000000001,textures/metro/cars/kangoo
000000000000000000000000000000,000000000000000000000000000001,textures/metro/RFSP-Paris03a
000000000000000000000000000000,000000000000000000000000000001,textures/metro/cars/xsara-picasso
000000000000000000000000000000,000000000000000000000000000001,textures/metro/cars/twingo
000000000000000000000000000000,000000000000000000000000000001,textures/metro/rust_1
000000000000000100110000000000,100000000000000000000000000000,textures/metro/invisible
000000000000000100000000100000,100000000000000000000000100000,textures/metro/KOsAD_EauEgoutsL
000000000000000100000000100000,100000000000000000000000100000,textures/metro/KOsAD_EauEgoutsD
000000000000000100000000100000,100000000000000000000000100000,textures/metro/KOsAD_EauEgouts
000000000000000000000000000000,001000000000000000000000000001,textures/metro/KOsAD_Chaine
000000000000000000110000100000,101000000000000000000000000001,textures/metro/torchflame
000000000000000000000000000000,000000000000000000000000000001,textures/metro/KOsAD_Banniere
000000000000001100110000100000,100000000000000000000000000000,textures/metro/KOsAD_Filtre
000000000000000000000000000000,000000000000000000000000000001,textures/metro/PasBien
000000000000000000000000000000,000000000000000000000000000001,textures/metro/KOsAD_Cable3_mix
000000000000000000000000000000,000000000000000000000000000001,textures/metro/metal042
000000000000000000000000000000,000000000000000000000000000001,textures/metro/cement_1_clean
000000000000000000000000000000,000000000000000000000000000001,textures/metro/pub/auchan_achete
000000000000000000000000000000,000000000000000000000000000001,textures/metro/pub/logo_sego
000000000000000000000000000000,000000000000000000000000000001,textures/metro/pub/sncf
000000000000000000000000000000,000000000000000000000000000001,textures/metro/pub/frtel
000000000000000000000000000000,000000000000000000000000000001,textures/metro/pub/micromc
000000000000000100000000000000,100000000000000000000000000000,textures/metro/KOsAD_Cable3
000000000000000000000000000000,000000000000000000000000000001,textures/metro/seriouslyfuckedmetal
000000000000000000000000000000,000000000000000000000000000001,textures/metro/KOsAD_Brique2_nonoise
000000000000000000000000000000,000000000000000000000000000001,textures/metro/zinc_ed
000000000000000000000000000000,000000000000000000000000000001,textures/metro/pub/electionmisstrans
000000000000000000000000000000,000000000000000000000000000001,textures/metro/pub/owned
000000000000000000000000100000,000000000000000000000000000001,textures/metro/KOsAD_NeonBroken
000000000000000000000000000000,000000000000000000000000000001,textures/metro/KOsAD_Neon
000000000000000000000000000000,000000000000000000000000000001,textures/metro/pub/Action200505Escalator
000000000000000000000000000000,000000000000000000000000000001,textures/metro/pub/vivre_ensemble1
000000000000000000000000000000,000000000000000000000000000001,textures/metro/metal_panels
000000000000000000000000000000,000000000000000000000000000001,textures/metro/pub/ours
000000000000000000000000000000,000000000000000000000000000001,textures/metro/pub/galeriesproxenete
000000000000000000000000000000,000000000000000000000000000001,textures/metro/pub/pub_arielle1
000000000000000000000000000000,000000000000000000000000000001,textures/metro/pub/spectacle_sarko
000000000000000000000000000000,000000000000000000000000000001,textures/metro/pub/zidanegenerali3hg
000000000000000000000000000000,000000000000000000000000000001,textures/metro/pub/7653875
000000000000000000000000000000,000000000000000000000000000001,textures/metro/pub/zidane
000000000000000000000000000000,000000000000000000000000000001,models/mapobjects/KOsAD/bouteille/verre
000000000000000000000000000000,000000000000000000000000000001,models/mapobjects/KOsAD/bouteille/tour-du-roc
000000000000000000000000000000,000000000000000000000000000001,models/mapobjects/KOsAD/bouteille/gris
000000000000000000000000000000,000000000000000000000000000001,models/mapobjects/KOsAD/bougie/KOsAD_FlammeBougie
000000000000000000000000000000,000000000000000000000000000001,models/mapobjects/KOsAD/bougie/Noir
000000000000000000000000000000,000000000000000000000000000001,models/mapobjects/KOsAD/bougie/KOsAD_Bougie3
000000000000000000000000000000,100000000000000000000000000001,models/mapobjects/KOsAD/bougie/Lumiere
000000000000000000000000000000,000000000000000000000000000001,models/mapobjects/KOsAD/bougie/KOsAD_Bougie2
000000000000000000000000000000,000000000000000000000000000001,models/mapobjects/KOsAD/chandelier/metal019
000000000000000000000000000000,000000000000000000000000000001,models/mapobjects/KOsAD/lanterne/KOsAD_FlammeBougie
000000000000000000000000000000,000000000000000000000000000001,models/mapobjects/KOsAD/lanterne/KOsAD_Cuivre
000000000000000000000000000000,000000000000000000000000000001,models/mapobjects/KOsAD/lanterne/glass03
000000000000000000000000000000,000000000000000000000000000001,models/mapobjects/KOsAD/lanterne/metal019
000000000000000000000000000000,000000000000000000000000000001,models/mapobjects/KOsAD/lanterne/LumiereSoft
000000000000000000000000000000,000000000000000000000000000001,models/mapobjects/KOsAD/lanterne/LumiereDiffuse32
000000000000000000000000000000,000000000000000000000000000001,models/mapobjects/KOsAD/lanterne/LumiereDiffuse8
000000000000000000000000000000,000000000000000000000000000001,models/mapobjects/KOsAD/lanterne/Noir
000000000000000000000000000000,000000000000000000000000000001,models/mapobjects/KOsAD/lanterne/KOsAD_Bougie2
000000000000000000000000000000,000000000000000000000000000001,models/mapobjects/KOsAD/baton/bark33
000000000000000000000000000000,000000000000000000000000000001,models/mapobjects/KOsAD/brouette/rust07c
000000000000000000000000000000,000000000000000000000000000001,models/mapobjects/KOsAD/brouette/rust07b
000000000000000000000000000000,000000000000000000000000000001,models/mapobjects/KOsAD/brouette/PneuR
000000000000000000000000000000,000000000000000000000000000001,models/mapobjects/KOsAD/brouette/Metal
000000000000000000000000000000,000000000000000000000000000001,models/mapobjects/KOsAD/brouette/rust10b
000000000000000000000000000000,000000000000000000000000000001,models/mapobjects/KOsAD/brouette/rust18b
000000000000000000000000000000,000000000000000000000000000001,models/mapobjects/KOsAD/brouette/Pneu
000000000000000000000000000000,000000000000000000000000000001,models/mapobjects/KOsAD/conteneur/planks02
000000000000000000000000000000,000000000000000000000000000001,models/mapobjects/KOsAD/conteneur/rust11b
000000000000000000000000000000,000000000000000000000000000001,models/mapobjects/KOsAD/conteneur/rust06b
000000000000000000000000000000,000000000000000000000000000001,models/mapobjects/KOsAD/conteneur/metal022
000000000000000000000000000000,000000000000000000000000000001,models/mapobjects/KOsAD/lumiere/glass03
000000000000000000000000000000,000000000000000000000000000001,models/mapobjects/KOsAD/lumiere/dore
000000000000000000000000000000,000000000000000000000000000001,models/mapobjects/KOsAD/lumiere/ocre2
000000000000000000000000000000,000000000000000000000000000001,models/mapobjects/KOsAD/bonbonne/ocre
000000000000000000000000000000,000000000000000000000000000001,models/mapobjects/KOsAD/bonbonne/Metal
000000000000000000000000000000,000000000000000000000000000001,models/mapobjects/KOsAD/bonbonne/rust07c
000000000000000000000000000000,000000000000000000000000000001,models/mapobjects/KOsAD/bonbonne/Metal2
000000000000000000000000000000,000000000000000000000000000001,models/mapobjects/KOsAD/conteneur/bleu
000000000000000000000000000000,000000000000000000000000000001,models/mapobjects/KOsAD/conteneur/poub5
000000000000000000000000000000,000000000000000000000000000001,models/mapobjects/KOsAD/conteneur/rust06d
000000000000000000000000000000,000000000000000000000000000001,models/mapobjects/KOsAD/conteneur/rouge
000000000000000000000000000000,000000000000000000000000000001,models/mapobjects/KOsAD/conteneur/door048b
000000000000000000000000000000,000000000000000000000000000001,models/mapobjects/KOsAD/sac/grey104
000000000000000000000000000000,000000000000000000000000000001,models/mapobjects/KOsAD/conteneur/poub1
000000000000000000000000000000,000000000000000000000000000001,models/mapobjects/KOsAD/conteneur/poub6
000000000000000000000000000000,000000000000000000000000000001,models/mapobjects/KOsAD/sac/paper011
000000000000000000000000000000,000000000000000000000000000001,models/mapobjects/KOsAD/lumiere/rust07c
000000000000000000000000000000,000000000000000000000000000001,models/mapobjects/plant_life/palm_leaf
000000000000000000000000000000,000000000000000000000000000001,models/mapobjects/plant_life/fern_leaf
000000000000000000110000100000,101000000000000000000000000001,textures/metro/KOsAD_FlammeBougie
000000000000000000000000000000,000000000000000000000000000001,textures/metro/wood1toplit
000000000000000000000000000000,000000000000000000000000000001,models/mapobjects/KOsAD/lustre/wood1toplit
000000000000000000000000000000,000000000000000000000000000001,models/mapobjects/KOsAD/lustre/flame1
000000000000000000000010000000,000000000000000000000000000001,textures/common/trigger
000000000000000000000000000000,000000000000000000000000000001,Metro/452F368C7E654961BBA9CE6ECA273D31
000000000000000000000000000000,000000000000000000000000000001,Metro/917E4B9224DE68E9DC96B26280230A94
000000000000000000000000000000,000000000000000000000000000001,Metro/F87AE4B34D78113584B9E4D7CCDA068B
000000000000000000000000000000,000000000000000000000000000001,Metro/7F22092CCFF0D43CD05E4569F271ED8F
000000000000000000000000000000,000000000000000000000000000001,Metro/E43D1A062F773E9410545D2A2AAED5E8
000000000000000000000000000000,000000000000000000000000000001,Metro/BE6CD90FC91815956DD12C0D4187A4F9
000000000000000000000000000000,000000000000000000000000000001,Metro/43707B64ACAFBDD330DC52B518B0DA9E
000000000000000000000000000000,000000000000000000000000000001,Metro/151028D8F81065625FD972A205521343
000000000000000000000000000000,000000000000000000000000000001,Metro/C209DC75668EEFE81AFDBCADE6C85534
000000000000000000000000000000,000000000000000000000000000001,Metro/302959BDD1742C48B8EA79F18B54E514
000000000000000000000000000000,000000000000000000000000000001,Metro/2492ACC389D36A503CDC4C672698A65E
000000000000000000000000000000,000000000000000000000000000001,Metro/9E595210798798B48E014C86DE188A8B
000000000000000000000000000000,000000000000000000000000000001,Metro/9742F3C90EBDF51E994672737E946D0D
000000000000000000000000000000,000000000000000000000000000001,Metro/8A40D8EF7F6A9225AFA594BF8544477B
000000000000000000000000000000,000000000000000000000000000001,Metro/0CBA2159B12B63A6F82B2A7773D4C9AF
000000000000000000000000000000,000000000000000000000000000001,Metro/6C49E8450B2C5978E2F2B5513E285E8D
000000000000000000000000000000,000000000000000000000000000001,Metro/2F5F1B8E9947BAE7246FA0716D820C2D
000000000000000000000000000000,000000000000000000000000000001,Metro/433D3660481956FF2F37CD9FD1DFEC08
000000000000000000000000000000,000000000000000000000000000001,Metro/EB60E4DAF98A7BC880A8C72473FC796E
000000000000000000000000000000,000000000000000000000000000001,Metro/9A88835F04F746F4382E8AED5632B406
000000000000000000000000000000,000000000000000000000000000001,Metro/3E9B68DCBDCAD21434BC89760591DEB3
000000000000000000000000000000,000000000000000000000000000001,Metro/4FF414BF368A4F74A701CF60F6C5706C
000000000000000000000000000000,000000000000000000000000000001,Metro/E36BEC38C651AEF9897E9DE921D0895F
000000000000000000000000000000,000000000000000000000000000001,Metro/B8004F0502B0F6D4CFD128FDCBB0C9DB
000000000000000000000000000000,000000000000000000000000000001,Metro/20A7774DC4F91646A29D1816B0AC6C29
000000000000000000000000000000,000000000000000000000000000001,Metro/C4D04532635449420574973433CDDA3A
000000000000000000000000000000,000000000000000000000000000001,Metro/0D8597A097C6B113EF6DE7CEC4CD96B3
000000000000000000000000000000,000000000000000000000000000001,Metro/66E25B87F9E4FCD5E448ABB8BB56D541
000000000000000000000000000000,000000000000000000000000000001,Metro/245CF35B820469CCFB97DDC3BFA95167
000000000000000000000000000000,000000000000000000000000000001,Metro/A360856DBDDF0C1A7F4F6F0D8E86671A
000000000000000000000000000000,000000000000000000000000000001,Metro/00B3D89E5BA34AE538C72FDD65BF0D54
000000000000000000000000000000,000000000000000000000000000001,Metro/A6CB0911807E38E226ABB0872CCA4F90
000000000000000000000000000000,000000000000000000000000000001,Metro/2E0B955264D77BC2E0EDDB4D4B673C4A
000000000000000000000000000000,000000000000000000000000000001,Metro/CF4073A161CEF171B0268FE9EDD4393A
000000000000000000000000000000,000000000000000000000000000001,Metro/32F9907514B1C03EEA11A3C2AC67E8E2
000000000000000000000000000000,000000000000000000000000000001,Metro/AD9E2467094334495E0C5E7640F154E7
000000000000000000000000000000,000000000000000000000000000001,Metro/A5F7170280817FEBB86C3E49B70B6F6E
000000000000000000000000000000,000000000000000000000000000001,Metro/0393E929FE0C2B8B98FAD4D684667DE4
000000000000000000000000000000,000000000000000000000000000001,Metro/A1CE429B4715EFA9B4FA1FFE1D75C25C
000000000000000000000000000000,000000000000000000000000000001,Metro/223F43D27F269C1274B1CA8EC80DD20B
000000000000000000000000000000,000000000000000000000000000001,Metro/80901D8B5DCB7EC1DD60DA9FBAB30CF3
000000000000000000000000000000,000000000000000000000000000001,Metro/3B72269A992825BB57378766F1E52296
000000000000000000000000000000,000000000000000000000000000001,Metro/A99915ED9302FB4ABF4ACD68B2E352AB
000000000000000000000000000000,000000000000000000000000000001,Metro/5FFD47D70E89051665EA1D3CBD5AB9A8
000000000000000000000000000000,000000000000000000000000000001,Metro/8661D3E9FDA9112017377C4356CF61FA
000000000000000000000000000000,000000000000000000000000000001,Metro/66371673AE0CD690398F728FBA39CB21
000000000000000000000000000000,000000000000000000000000000001,Metro/119D8941621210025F55A746A40A7B3A
000000000000000000000000000000,000000000000000000000000000001,Metro/9CF42D6358A8BFC30B763F5E0CCB1024
000000000000000000000000000000,000000000000000000000000000001,Metro/2F496655C5C341BAEF028E5E3B5513B7
