000000000000000000000000000000,000000000000000000000000000001,models/mapobjects/kosad/conteneur/object023_3_p
000000000000000000000000000000,000000000000000000000000000001,noshader
000000000000000000000000000000,000000000000000000000000000001,models/mapobjects/kosad/voute/e7brickfloor01
000000000000000000000000000000,000000000000000000000000000001,models/mapobjects/kosad/conteneur/object023_3
000000000000000000000000000000,000000000000000000000000000001,models/mapobjects/kosad/conteneur/metal
000000000000000000000000000000,000000000000000000000000000001,models/mapobjects/kosad/conteneur/rust06e
000000000000000000000000000000,000000000000000000000000000001,models/mapobjects/kosad/conteneur/pneur
000000000000000000000000000000,000000000000000000000000000001,models/mapobjects/kosad/conteneur/vert
000000000000000000110010100000,000000000000000000000000000001,textures/common/caulk
000000000000000000000000000000,000000000000000000000000000001,textures/metro/rock_005
000000000000000000000000000000,000000000000000000000000000001,textures/metro/ground_008
000000000000000000000000000000,000000000000000000000000000001,textures/metro/wal11st1
000000000000000000000000000000,000000000000000000000000000001,textures/metro/big-blue-cement
000000000000000000000000000000,000000000000000000000000000001,textures/metro/003metal
000000000000000000000000000000,000000000000000000000000000001,textures/metro/metal-tan-rivets
000000000000000000000000000000,000000000000000000000000000001,textures/metro/drock074
000000000000000000000000000000,000000000000000000000000000001,textures/metro/door_util2
000000000000000000000000100000,000000000000000000000000000001,textures/metro/e6v_light_sm
000000000000000000000000000000,000000000000000000000000000001,textures/metro/e6smallgrtflr2bl
000000000000000000000000000000,000000000000000000000000000001,textures/metro/rfsp-stex5b
000000000000000000000000000000,000000000000000000000000000001,textures/metro/cement_1_gunky
000000000000000000000000000000,000000000000000000000000000001,textures/metro/kosad_brique1c
000000000000000000000000000000,000000000000000000000000000001,textures/metro/rock10c
000000000000000000000000000000,000000000000000000000000000001,textures/metro/kosad_ossements3
000000000000000000000000000000,000000000000000000000000000001,textures/metro/rock_008
000000000000000000000000000000,000000000000000000000000000001,textures/metro/rock_003
000000000000000000000000000000,000000000000000000000000000001,textures/metro/e8beam01
000000000000000000000000000000,000000000000000000000000000001,textures/metro/e8_btrim01
000000000000000000000000100000,000000000000000000000000000001,textures/metro/e7slight
000000000000000000000000000000,000000000000000000000000000001,textures/metro/rust_2
000000000000000000000000000000,000000000000000000000000000001,textures/metro/alumb_t
000000000000000000000000000000,000000000000000000000000000001,textures/metro/stannum_escalatorside
000000000000000000110000100000,000000000000000000000000000001,textures/metro/kosad_noir
000000000000000000000000000000,000000000000000000000000000001,textures/metro/wood01
000000000000000000000000000000,000000000000000000000000000001,textures/metro/grey073
000000000000000000110000100000,000000000000000000000000000001,textures/metro/kosad_blanc_0
000000000000000000000000000000,000000000000000000000000000001,textures/metro/door048b
000000000000000000000000000000,000000000000000000000000000001,textures/metro/door048
000000000000000000000000000000,000000000000000000000000000001,textures/metro/navily-ns_bleu
000000000000000000000000000000,000000000000000000000000000001,textures/metro/marble50b
000000000000000000000000000000,000000000000000000000000000001,textures/metro/door070d
000000000000000000000000000000,000000000000000000000000000001,textures/metro/door070c
000000000000000000000000000000,000000000000000000000000000001,textures/metro/door070b
000000000000000000000000000000,000000000000000000000000000001,textures/metro/ground_008_unp
000000000000000000000000000000,000000000000000000000000000001,textures/metro/e8cretefloor01c
000000000000000000000000000000,000000000000000000000000000001,textures/metro/sttp13-selecta
000000000000000000110000100000,000000000000000000000000000001,textures/metro/sign_rouge
000000000000000000110000100000,000000000000000000000000000001,textures/metro/sign_vert
000000000000000000110000100000,000000000000000000000000000001,textures/metro/sign_25
000000000000000000000000000000,000000000000000000000000000001,textures/metro/sign_a
000000000000000000000000000000,000000000000000000000000000001,textures/metro/sign_z
000000000000000000000000000000,000000000000000000000000000001,textures/metro/pancarte
000000000000000000000000100000,100000000000000000000000000001,textures/metro/e6bsegrtflr128
000000000000000000000000000000,000000000000000000000000000001,textures/metro/e7bmtrim
000000000000010000000000100000,100000000000000000000000000001,textures/metro/kosad_barre
000000000000000000000000000000,000000000000000000000000000001,textures/metro/e6metalfan_s2_t
000000000000000000000000000000,000000000000000000000000000001,textures/metro/e7stepborder
000000000000000000000000000000,000000000000000000000000000001,textures/metro/metal033
000000000000000000000000000000,000000000000000000000000000001,textures/metro/e6drstmetal
000000000000000001000000100000,100000000000000000000000000001,textures/metro/e6grtflr2bl
000000000000000000000000100000,000000000000000000000000000001,textures/metro/e7slight_vents
000000000000000000000000000000,000000000000000000000000000001,textures/metro/e6metalfan_s2
000000000000000000000000000000,000000000000000000000000000001,textures/metro/e8mtltrim1
000000000000000000000000000000,000000000000000000000000000001,textures/metro/e8bolttrimb
000000000000000000000000000000,000000000000000000000000000001,textures/metro/rockwall1
000000000000000000000000000000,000000000000000000000000000001,textures/metro/e7stepborder2
000000000000000000000000000000,000000000000000000000000000001,textures/metro/kosad_pipes3
000000000000000000000000000000,000000000000000000000000000001,textures/metro/kosad_brique2
000000000000000000000000000000,000000000000000000000000000001,textures/metro/metal018
000000000000000000000000100000,000000000000000000000000000001,textures/metro/e6v_light_sm_10
000000000000000000000000000000,000000000000000000000000000001,textures/metro/misc018
000000000000000100000010000000,100000000000000000000000000000,textures/metro/skip
000000000000000000000000000000,000000000000000000000000000001,textures/metro/e7bricks01
000000000000000000000000000000,000000000000000000000000000001,textures/metro/e7brickfloor01
000000000000000000000000000000,000000000000000000000000000001,textures/metro/e7sbrickfloorbig
000000000000000000000000000000,000000000000000000000000000001,textures/metro/e7sbrickfloor
000000000000000000000000000000,000000000000000000000000000001,textures/metro/rock29t
000000000000000000000000000000,000000000000000000000000000001,textures/metro/tempgryl
000000000000000000000000000000,000000000000000000000000000001,textures/metro/ornam11b2
000000000000000000000000000000,000000000000000000000000000001,textures/metro/imageafter-b19wall031
000000000000000000000000000000,000000000000000000000000000001,textures/metro/coffre_cote
000000000000000000000000000000,000000000000000000000000000001,textures/metro/coffre_face
000000000000000000000000000000,000000000000000000000000000001,textures/metro/ornam11b
000000000000100000110000010100,000000000000000000000000000001,textures/metro/skybox
000000000000000000000000000000,000000000000000000000000000001,textures/metro/kosad_brique1b
000000000000000000000000000000,000000000000000000000000000001,textures/metro/plaster20
000000000000000000000000000000,000000000000000000000000000001,textures/metro/kosad_blanc
000000000000000000000000000000,000000000000000000000000000001,textures/metro/panel20b
000000000000000000000000000000,000000000000000000000000000001,textures/metro/e8beam01b
000000000000000000000000100000,000000000000000000000000000001,textures/metro/e6horzlight
000000000000000000000000000000,000000000000000000000000000001,textures/metro/kosad_grey1
000000000000000000110000100000,000000000000000000000000000001,textures/metro/kosad_sortiepicto
000000000000010000000000000000,100000000000000000000000000001,textures/metro/door007
000000000000000000000000000000,000000000000000000000000000001,textures/metro/door068
000000000000000001000000100000,100000000000000000000000000001,textures/metro/ex_floor_grate03_d
000000000000000000000000000000,000000000000000000000000000001,textures/metro/panel40d
000000000000000000000000000000,000000000000000000000000000001,textures/metro/panel30d
000000000000000000000000000000,000000000000000000000000000001,textures/metro/tfloor4plain
000000000000000000000000000000,000000000000000000000000000001,textures/metro/sttp13-extincteur3
000000000000000000000000000000,000000000000000000000000000001,textures/metro/navily-passge_interdit
000000000000000000000000000000,000000000000000000000000000001,textures/metro/lgrey040
000000000000000000000000000000,000000000000000000000000000001,textures/metro/vents_011m
000000000000000000000000000000,000000000000000000000000000001,textures/metro/kosad_sortiel
000000000000000000000000000000,000000000000000000000000000001,textures/metro/siel_ratp_met_1_dir
000000000000000000000000000000,000000000000000000000000000001,textures/metro/siel_ratp_met_1ld
000000000000000000000000000000,000000000000000000000000000001,textures/metro/pub/6083541
000000000000000000000000000000,000000000000000000000000000001,textures/metro/pub/6155183
000000000000000000000000000000,000000000000000000000000000001,textures/metro/pub/gaymobil1
000000000000000000000000000000,000000000000000000000000000001,textures/metro/pub/dop
000000000000000000000000000000,000000000000000000000000000001,textures/metro/pub/nescafe
000000000000000000000000000000,000000000000000000000000000001,textures/metro/pub/m-royal_canin
000000000000000000000000000000,000000000000000000000000000001,textures/metro/pub/imacii
000000000000000000000000000000,000000000000000000000000000001,textures/metro/pub/rato-plage
000000000000000000000000000000,000000000000000000000000000001,textures/metro/pub/publicite-030
000000000000000000000000000000,000000000000000000000000000001,textures/metro/pub/murdersinbagdad
000000000000000000000000000000,000000000000000000000000000001,textures/metro/pub/pas_les_royal
000000000000000000000000000000,000000000000000000000000000001,textures/metro/pub/menteur_menteur
000000000000000000000000000000,000000000000000000000000000001,textures/metro/pub/m-sorciere_bien_aimee
000000000000000000000000000000,000000000000000000000000000001,textures/metro/pub/marxix_revolution
000000000000000000000000000000,000000000000000000000000000001,textures/metro/pub/lionel_le_people
000000000000000000000000000000,000000000000000000000000000001,textures/metro/pub/le_pignon_est_fran_ois
000000000000000000000000000000,000000000000000000000000000001,textures/metro/pub/leboulet
000000000000000000000000000000,000000000000000000000000000001,textures/metro/pub/la_doublure_bis
000000000000000000000000000000,000000000000000000000000000001,textures/metro/pub/inspecteurlabavure
000000000000000000000000000000,000000000000000000000000000001,textures/metro/pub/johnnie_walked
000000000000000000000000000000,000000000000000000000000000001,textures/metro/pub/bush_le_tout_puissant
000000000000000000000000000000,000000000000000000000000000001,textures/metro/pub/8366227
000000000000000000000000000000,000000000000000000000000000001,textures/metro/pub/9737445
000000000000000000000000000000,000000000000000000000000000001,textures/metro/pub/7950657
000000000000000000000000000000,000000000000000000000000000001,textures/metro/pub/5942902
000000000000000000000000000000,000000000000000000000000000001,textures/metro/pub/6295332
000000000000000000000000000000,000000000000000000000000000001,textures/metro/pub/5530784
000000000000000000000000000000,000000000000000000000000000001,textures/metro/pub/alwcoke
000000000000000000000000000000,000000000000000000000000000001,textures/metro/pub/militaire
000000000000000000000000000000,000000000000000000000000000001,textures/metro/pub/loreal
000000000000000000000000000000,000000000000000000000000000001,textures/metro/pub/macdo_cr
000000000000000000000000000000,000000000000000000000000000001,textures/metro/pub/sarkophages
000000000000000000000000000000,000000000000000000000000000001,textures/metro/pub/sarkocop2
000000000000000000000000000000,000000000000000000000000000001,textures/metro/pub/truelies
000000000000000000000000000000,000000000000000000000000000001,textures/metro/sttp13-plan2
000000000000000000000000000000,000000000000000000000000000001,textures/metro/sttp13-plan1
000000000000000000000000000000,000000000000000000000000000001,textures/metro/sttp13-regul
000000000000000000000000000000,000000000000000000000000000001,textures/metro/siel_ratp_met_2_dir
000000000000000000000000000000,000000000000000000000000000001,textures/metro/siel_ratp_met_2
000000000000000000000000000000,000000000000000000000000000001,textures/metro/kosad_mirroir
000000000000000000000000000000,000000000000000000000000000001,textures/metro/panel40a
000000000000000000000000000000,000000000000000000000000000001,textures/metro/panel30a
000000000000000000000000000000,000000000000000000000000000001,textures/metro/rfsp-acleantrack1
000000000000000000000000000000,000000000000000000000000000001,textures/metro/sttp13-poubelle-cote
000000000000000000000000000000,000000000000000000000000000001,textures/metro/sttp13-poubelle-face
000000000000000000000000000000,000000000000000000000000000001,textures/metro/m77-top
000000000000000000000000000000,000000000000000000000000000001,textures/metro/m77-cote
000000000000000000000000000000,000000000000000000000000000001,textures/metro/m77-blanc
000000000000000000000000000000,000000000000000000000000000001,textures/metro/m77-ft
000000000000000000000000000000,000000000000000000000000000001,textures/metro/m77-cote3
000000000000000000000000000000,000000000000000000000000000001,textures/metro/m77-cote-vide
000000000000000000000000000000,000000000000000000000000000001,textures/metro/m77-roue-cote
000000000000000000000000000000,000000000000000000000000000001,textures/metro/m77-roue
000000000000000000000000000000,000000000000000000000000000001,textures/metro/m77-roue-face
000000000000000000000000100000,000000000000000000000000000001,textures/metro/kosad_neonorange
000000000000000000000000100000,000000000000000000000000000001,textures/metro/kosad_neonwhite
000000000000000000000000000000,000000000000000000000000000001,textures/metro/door009b
000000000000000000000000000000,000000000000000000000000000001,textures/metro/door009
000000000000000000000000000000,000000000000000000000000000001,textures/metro/kosad_metallampe
000000000000000000000000000000,000000000000000000000000000001,textures/metro/kosad_marchetop2
000000000000000000000000000000,000000000000000000000000000001,textures/metro/kosad_marcheface
000000000000000000110000100000,000000000000000000000000000001,textures/metro/kosad_blanc_escalatort
000000000000000000110000100000,000000000000000000000000000001,textures/metro/kosad_blanc_entree
000000000000000000000000000000,000000000000000000000000000001,textures/metro/kosad_turquoise
000000000000000000000000000000,000000000000000000000000000001,textures/metro/door044
000000000000000000000000000000,000000000000000000000000000001,textures/metro/road02_01c
000000000000000000000000000000,000000000000000000000000000001,textures/metro/road02_01t
000000000000000000000000000000,000000000000000000000000000001,textures/metro/sttp13-plan3
000000000000000000000000000000,000000000000000000000000000001,textures/metro/sttp13-plan5
000000000000000000000000000000,000000000000000000000000000001,textures/metro/sttp13-signal
000000000000000000000000000000,000000000000000000000000000001,textures/metro/sttp13-fumer
000000000000000000000000000000,000000000000000000000000000001,textures/metro/sttp13-plan7
000000000000000000000000000000,000000000000000000000000000001,textures/metro/alumb_t_h
000000000000000000000000000000,000000000000000000000000000001,textures/metro/exmetalrib01_h
000000000000000000000000000000,000000000000000000000000000001,textures/metro/door052b
000000000000000000000000000000,000000000000000000000000000001,textures/metro/door052
000000000000000000000000000000,000000000000000000000000000001,textures/metro/sttp13-plan6
000000000000000000000000000000,000000000000000000000000000001,textures/metro/door_util1
000000000000000000000000000000,000000000000000000000000000001,textures/metro/b11grounds009edit2
000000000000000000110000100000,000000000000000000000000000001,textures/metro/kosad_ocre_5
000000000000000000000000000000,000000000000000000000000000001,textures/metro/wood02
000000000000000000000000000000,000000000000000000000000000001,textures/metro/e8bgrate01
000000000000000000000000000000,000000000000000000000000000001,textures/metro/panel01a
000000000000001000000000100000,100000000000000000000000000001,textures/metro/glassblock1
000000000000000000000000000000,000000000000000000000000000001,textures/metro/road02_01
000000000000000000000000000000,000000000000000000000000000001,textures/metro/road02_03
000000000000000000000000000000,000000000000000000000000000001,textures/metro/alumb_t_s
000000000000000000110010100000,100000000000000000000000000001,textures/common/weapclip
000000000000000000000000000000,000000000000000000000000000001,textures/metro/kosad_noir2
000000000000000000000000100000,100000000000000000000000000001,textures/metro/kosad_window
000000000000000000000000000000,000000000000000000000000000001,textures/metro/metal019
000000000000000000000000000000,000000000000000000000000000001,textures/metro/kosad_vert1
000000000000000000000000100000,000000000000000000000000000001,textures/metro/e7mlight
000000000000000000000000000000,000000000000000000000000000001,textures/metro/navily-tv
000000000000000000000000000000,000000000000000000000000000001,textures/metro/pub/darkcityposter
000000000000000000000000000000,000000000000000000000000000001,textures/metro/sttp13-selecta4
000000000000000000000000000000,000000000000000000000000000001,textures/metro/sttp13-selecta1
000000000000000000000000000000,000000000000000000000000000001,textures/metro/sttp13-danger3
000000000000000000000000000000,000000000000000000000000000001,textures/metro/sttp13-danger3blanc
000000000000000000000000000000,000000000000000000000000000001,textures/metro/sttp13-plan4
000000000000000000000000000000,000000000000000000000000000001,textures/metro/siel_ratp_met_1la
000000000000000000000000000000,000000000000000000000000000001,textures/metro/sttp13-danger2
000000000000000000000000000000,000000000000000000000000000001,textures/metro/rfsp-alarme2l
000000000000000000000000000000,000000000000000000000000000001,textures/metro/rfsp-alarme1l
000000000000000000000000000000,000000000000000000000000000001,textures/metro/alarme
000000000000000000000000000000,000000000000000000000000000001,textures/metro/sttp13-extincteur2
000000000000000000000000000000,000000000000000000000000000001,textures/metro/sttp13-extincteur1
000000000000000000000000000000,000000000000000000000000000001,textures/metro/kosad_passage_interdit
000000000000000000000000000000,000000000000000000000000000001,textures/metro/rfsp-stex5
000000000000000000000000000000,000000000000000000000000000001,textures/metro/kosad_mere-lefauteuil
000000000000000000000000000000,000000000000000000000000000001,textures/metro/sttp13-selecta3
000000000000000000000000000000,000000000000000000000000000001,textures/metro/sttp13-selecta2
000000000000000000000000000000,000000000000000000000000000001,textures/metro/door_util1d
000000000000000000000000000000,000000000000000000000000000001,textures/metro/kosad_grey2
000000000000000000000000000000,000000000000000000000000000001,textures/metro/door076
000000000000000000000000000000,000000000000000000000000000001,textures/metro/kosad_panel
000000000000000000000000000000,000000000000000000000000000001,textures/metro/sttp13-danger1
000000000000000000000000000000,000000000000000000000000000001,textures/metro/object004
000000000000000100110000000000,100000000000000000000001000000,textures/metro/kosad_fog
000000000000000100110010110000,100000000000010000000000000000,textures/common/clip
000000000000000000000000000000,000000000000000000000000000001,textures/metro/rfsp-paris03b
000000000000000100000110010000,110000000000000000000000000000,textures/common/hint
000000000000000100000010001000,000000000000010000000000000000,textures/metro/ladder
000000000000000000000000000000,000000000000000000000000000001,textures/metro/rfsp-paris02a
000000000000000000000000000000,001000000000000000000000000001,textures/metro/smallleaftree01_256
000000000000000000000000000000,000000000000000000000000000001,textures/metro/hedge_small
000000000000000000000000000000,001000000000000000000000000001,textures/metro/40c_e
000000000000000000000000000000,000000000000000000000000000001,textures/metro/kosad_eiffeltop
000000000000000000000000000000,000000000000000000000000000001,textures/metro/cars/clio
000000000000000000000000000000,000000000000000000000000000001,textures/metro/cars/jumper
000000000000000000000000000000,000000000000000000000000000001,textures/metro/cars/espace
000000000000000000000000000000,000000000000000000000000000001,textures/metro/cars/austin
000000000000000000000000000000,000000000000000000000000000001,textures/metro/cars/2cv
000000000000000000000000000000,000000000000000000000000000001,textures/metro/cars/kangoo
000000000000000000000000000000,000000000000000000000000000001,textures/metro/rfsp-paris03a
000000000000000000000000000000,000000000000000000000000000001,textures/metro/cars/xsara-picasso
000000000000000000000000000000,000000000000000000000000000001,textures/metro/cars/twingo
000000000000000000000000000000,000000000000000000000000000001,textures/metro/rust_1
000000000000000100110000000000,100000000000000000000000000000,textures/metro/invisible
000000000000000100000000100000,100000000000000000000000100000,textures/metro/kosad_eauegoutsl
000000000000000100000000100000,100000000000000000000000100000,textures/metro/kosad_eauegoutsd
000000000000000100000000100000,100000000000000000000000100000,textures/metro/kosad_eauegouts
000000000000000000000000000000,001000000000000000000000000001,textures/metro/kosad_chaine
000000000000000000110000100000,101000000000000000000000000001,textures/metro/torchflame
000000000000000000000000000000,000000000000000000000000000001,textures/metro/kosad_banniere
000000000000001100110000100000,100000000000000000000000000000,textures/metro/kosad_filtre
000000000000000000000000000000,000000000000000000000000000001,textures/metro/pasbien
000000000000000000000000000000,000000000000000000000000000001,textures/metro/kosad_cable3_mix
000000000000000000000000000000,000000000000000000000000000001,textures/metro/metal042
000000000000000000000000000000,000000000000000000000000000001,textures/dyn_ad/dyn_ad_80x48
000000000000000000000000000000,000000000000000000000000000001,textures/metro/cement_1_clean
000000000000000000000000000000,000000000000000000000000000001,textures/metro/pub/auchan_achete
000000000000000000000000000000,000000000000000000000000000001,textures/metro/pub/logo_sego
000000000000000000000000000000,000000000000000000000000000001,textures/metro/pub/sncf
000000000000000000000000000000,000000000000000000000000000001,textures/metro/pub/frtel
000000000000000000000000000000,000000000000000000000000000001,textures/metro/pub/micromc
000000000000000100000000000000,100000000000000000000000000000,textures/metro/kosad_cable3
000000000000000000000000000000,000000000000000000000000000001,textures/metro/seriouslyfuckedmetal
000000000000000000000000000000,000000000000000000000000000001,textures/metro/kosad_brique2_nonoise
000000000000000000000000000000,000000000000000000000000000001,textures/metro/zinc_ed
000000000000000000000000000000,000000000000000000000000000001,textures/metro/pub/electionmisstrans
000000000000000000000000000000,000000000000000000000000000001,textures/metro/pub/owned
000000000000000000000000100000,000000000000000000000000000001,textures/metro/kosad_neonbroken
000000000000000000000000000000,000000000000000000000000000001,textures/metro/kosad_neon
000000000000000000000000000000,000000000000000000000000000001,textures/metro/pub/action200505escalator
000000000000000000000000000000,000000000000000000000000000001,textures/metro/pub/vivre_ensemble1
000000000000000000000000000000,000000000000000000000000000001,textures/metro/metal_panels
000000000000000000000000000000,000000000000000000000000000001,textures/metro/pub/ours
000000000000000000000000000000,000000000000000000000000000001,textures/metro/pub/galeriesproxenete
000000000000000000000000000000,000000000000000000000000000001,textures/metro/pub/pub_arielle1
000000000000000000000000000000,000000000000000000000000000001,textures/metro/pub/spectacle_sarko
000000000000000000000000000000,000000000000000000000000000001,textures/metro/pub/zidanegenerali3hg
000000000000000000000000000000,000000000000000000000000000001,textures/metro/pub/7653875
000000000000000000000000000000,000000000000000000000000000001,textures/metro/pub/zidane
000000000000000000000000000000,000000000000000000000000000001,models/mapobjects/kosad/bouteille/verre
000000000000000000000000000000,000000000000000000000000000001,models/mapobjects/kosad/bouteille/tour-du-roc
000000000000000000000000000000,000000000000000000000000000001,models/mapobjects/kosad/bouteille/gris
000000000000000000000000000000,000000000000000000000000000001,models/mapobjects/kosad/bougie/kosad_flammebougie
000000000000000000000000000000,000000000000000000000000000001,models/mapobjects/kosad/bougie/noir
000000000000000000000000000000,000000000000000000000000000001,models/mapobjects/kosad/bougie/kosad_bougie3
000000000000000000000000000000,000000000000000000000000000001,models/mapobjects/kosad/bougie/lumiere
000000000000000000000000000000,000000000000000000000000000001,models/mapobjects/kosad/bougie/kosad_bougie2
000000000000000000000000000000,000000000000000000000000000001,models/mapobjects/kosad/chandelier/metal019
000000000000000000000000000000,000000000000000000000000000001,models/mapobjects/kosad/lanterne/kosad_flammebougie
000000000000000000000000000000,000000000000000000000000000001,models/mapobjects/kosad/lanterne/kosad_cuivre
000000000000000000000000000000,000000000000000000000000000001,models/mapobjects/kosad/lanterne/glass03
000000000000000000000000000000,000000000000000000000000000001,models/mapobjects/kosad/lanterne/metal019
000000000000000000000000000000,000000000000000000000000000001,models/mapobjects/kosad/lanterne/lumieresoft
000000000000000000000000000000,000000000000000000000000000001,models/mapobjects/kosad/lanterne/lumierediffuse32
000000000000000000000000000000,000000000000000000000000000001,models/mapobjects/kosad/lanterne/lumierediffuse8
000000000000000000000000000000,000000000000000000000000000001,models/mapobjects/kosad/lanterne/noir
000000000000000000000000000000,000000000000000000000000000001,models/mapobjects/kosad/lanterne/kosad_bougie2
000000000000000000000000000000,000000000000000000000000000001,models/mapobjects/kosad/baton/bark33
000000000000000000000000000000,000000000000000000000000000001,models/mapobjects/kosad/brouette/rust07c
000000000000000000000000000000,000000000000000000000000000001,models/mapobjects/kosad/brouette/rust07b
000000000000000000000000000000,000000000000000000000000000001,models/mapobjects/kosad/brouette/pneur
000000000000000000000000000000,000000000000000000000000000001,models/mapobjects/kosad/brouette/metal
000000000000000000000000000000,000000000000000000000000000001,models/mapobjects/kosad/brouette/rust10b
000000000000000000000000000000,000000000000000000000000000001,models/mapobjects/kosad/brouette/rust18b
000000000000000000000000000000,000000000000000000000000000001,models/mapobjects/kosad/brouette/pneu
000000000000000000000000000000,000000000000000000000000000001,models/mapobjects/kosad/conteneur/planks02
000000000000000000000000000000,000000000000000000000000000001,models/mapobjects/kosad/conteneur/rust11b
000000000000000000000000000000,000000000000000000000000000001,models/mapobjects/kosad/conteneur/rust06b
000000000000000000000000000000,000000000000000000000000000001,models/mapobjects/kosad/conteneur/metal022
000000000000000000000000000000,000000000000000000000000000001,models/mapobjects/kosad/lumiere/glass03
000000000000000000000000000000,000000000000000000000000000001,models/mapobjects/kosad/lumiere/dore
000000000000000000000000000000,000000000000000000000000000001,models/mapobjects/kosad/lumiere/ocre2
000000000000000000000000000000,000000000000000000000000000001,models/mapobjects/kosad/bonbonne/ocre
000000000000000000000000000000,000000000000000000000000000001,models/mapobjects/kosad/bonbonne/metal
000000000000000000000000000000,000000000000000000000000000001,models/mapobjects/kosad/bonbonne/rust07c
000000000000000000000000000000,000000000000000000000000000001,models/mapobjects/kosad/bonbonne/metal2
000000000000000000000000000000,000000000000000000000000000001,models/mapobjects/kosad/conteneur/bleu
000000000000000000000000000000,000000000000000000000000000001,models/mapobjects/kosad/conteneur/poub5
000000000000000000000000000000,000000000000000000000000000001,models/mapobjects/kosad/conteneur/rust06d
000000000000000000000000000000,000000000000000000000000000001,models/mapobjects/kosad/conteneur/rouge
000000000000000000000000000000,000000000000000000000000000001,models/mapobjects/kosad/conteneur/door048b
000000000000000000000000000000,000000000000000000000000000001,models/mapobjects/kosad/sac/grey104
000000000000000000000000000000,000000000000000000000000000001,models/mapobjects/kosad/conteneur/poub1
000000000000000000000000000000,000000000000000000000000000001,models/mapobjects/kosad/conteneur/poub6
000000000000000000000000000000,000000000000000000000000000001,models/mapobjects/kosad/sac/paper011
000000000000000000000000000000,000000000000000000000000000001,models/mapobjects/kosad/lumiere/rust07c
000000000000000000000000000000,000000000000000000000000000001,models/mapobjects/plant_life/palm_leaf
000000000000000000000000000000,000000000000000000000000000001,models/mapobjects/plant_life/fern_leaf
000000000000000000110000100000,101000000000000000000000000001,textures/metro/kosad_flammebougie
000000000000000000000000000000,000000000000000000000000000001,textures/metro/wood1toplit
000000000000000000000000000000,000000000000000000000000000001,models/mapobjects/kosad/lustre/wood1toplit
000000000000000000000000000000,000000000000000000000000000001,models/mapobjects/kosad/lustre/flame1
000000000000000000000010000000,000000000000000000000000000001,textures/common/trigger
000000000000000000000000000000,000000000000000000000000000001,metro/9033651cf28ad2575822918198c81a1a
000000000000000000000000000000,000000000000000000000000000001,metro/05025e28fcbc2b12d3057c30d078da9a
000000000000000000000000000000,000000000000000000000000000001,metro/158558fc06fc3aaac5d72e9e5872fe12
000000000000000000000000000000,000000000000000000000000000001,metro/7d10097a5b3694efd39e25910a3cb6f1
000000000000000000000000000000,000000000000000000000000000001,metro/06162d5eb06f5673c53c342dc8562b68
000000000000000000000000000000,000000000000000000000000000001,metro/93c2b40f4fde4c2e38a2f76d7464d74f
000000000000000000000000000000,000000000000000000000000000001,metro/8c37e11196d3b8e5fe7bd0a6910d08c0
000000000000000000000000000000,000000000000000000000000000001,metro/8c329fc7f0d93d43033483e524bf478d
000000000000000000000000000000,000000000000000000000000000001,metro/4aeb229bd1b625ccad8f27c6b359fad7
000000000000000000000000000000,000000000000000000000000000001,metro/2aa6056e91db450649c2160fe69f5dfe
000000000000000000000000000000,000000000000000000000000000001,metro/96b655f8d0160de066b5c39386a22517
000000000000000000000000000000,000000000000000000000000000001,metro/d0fb25214503c75a7a698c986949a983
000000000000000000000000000000,000000000000000000000000000001,metro/c9a2d0460ef238bfc25f0c40d1eee7e7
000000000000000000000000000000,000000000000000000000000000001,metro/ad2b81dbcd521a3adb5b604beb71975d
000000000000000000000000000000,000000000000000000000000000001,metro/a74e48ed1baa4ef6d856b6ed7d39b682
000000000000000000000000000000,000000000000000000000000000001,metro/871d61b5d24649c179296724a7924bf8
000000000000000000000000000000,000000000000000000000000000001,metro/71542f3736871c72960e1c19e8df3b82
000000000000000000000000000000,000000000000000000000000000001,metro/e8c047af0d9289520307597aa5e218e5
000000000000000000000000000000,000000000000000000000000000001,metro/f47970e5826f41c64558801aaddff3ed
000000000000000000000000000000,000000000000000000000000000001,metro/349c8d90066bdff728fec647a01e5000
000000000000000000000000000000,000000000000000000000000000001,metro/7e961d32c016c012f454326d34efe2a5
000000000000000000000000000000,000000000000000000000000000001,metro/a3d6b39f421861b5c5e8a73e378956dc
000000000000000000000000000000,000000000000000000000000000001,metro/c982fa170aadc02e54e72a14e1ca3ce3
000000000000000000000000000000,000000000000000000000000000001,metro/359da5238458526b65ebf38a0e305752
000000000000000000000000000000,000000000000000000000000000001,metro/e67ad10913fb4ee70a00d3f7554e4e91
000000000000000000000000000000,000000000000000000000000000001,metro/498c69b8bcc303ac72eabd6642e208cc
000000000000000000000000000000,000000000000000000000000000001,metro/5c87d7aad076ef44ab2facb7c2a0051f
000000000000000000000000000000,000000000000000000000000000001,metro/6bdf9905bfaf7bc79602971b7459d3ff
000000000000000000000000000000,000000000000000000000000000001,metro/f6ba59a34a317e0788992bccc9b26e97
000000000000000000000000000000,000000000000000000000000000001,metro/347776d67a7651661aced82517e49efe
000000000000000000000000000000,000000000000000000000000000001,metro/ce7bdab3582c70b57932037ba531a8f9
000000000000000000000000000000,000000000000000000000000000001,metro/a45b5acb9f24b6dbed969ad61fd1a0ee
000000000000000000000000000000,000000000000000000000000000001,metro/cb6eb134f759bb52b9ea6249320d0404
000000000000000000000000000000,000000000000000000000000000001,metro/cd3f29239d65ec841770fa7d66ec8647
000000000000000000000000000000,000000000000000000000000000001,metro/26d639bb7140f381e080bf36cb993a38
000000000000000000000000000000,000000000000000000000000000001,metro/270a17533a1bdd4204f6043d26ee3269
000000000000000000000000000000,000000000000000000000000000001,metro/9ae4835b5a209f4aca13ed6acb90d815
000000000000000000000000000000,000000000000000000000000000001,metro/e1921778e5124b49b6dfda61df2ea635
000000000000000000000000000000,000000000000000000000000000001,metro/2b1984b395e5a4399c557693cf616d11
000000000000000000000000000000,000000000000000000000000000001,metro/9e03f1d56824c0292d9cca6022aaaa5c
000000000000000000000000000000,000000000000000000000000000001,metro/66371673ae0cd690398f728fba39cb21
000000000000000000000000000000,000000000000000000000000000001,metro/119d8941621210025f55a746a40a7b3a
000000000000000000000000000000,000000000000000000000000000001,metro/b522c1b74d5f88c302df769bbb261eff
000000000000000000000000000000,000000000000000000000000000001,metro/2f496655c5c341baef028e5e3b5513b7
